{
  "fast": {
    "name": "Fast Backtest",
    "scoring_method": "old",
    "statistics": {
      "scoring_method": "old",
      "total_trades": 6,
      "winning_trades": 3,
      "losing_trades": 3,
      "win_rate": 50.0,
      "total_pnl": 10.787885108571516,
      "total_return": 0.10787885108569754,
      "current_equity": 10010.78788510857,
      "avg_win": 7.061175429093631,
      "avg_loss": -3.4652137262364597,
      "profit_factor": 2.037731576448162,
      "max_drawdown": 0.11656120085080228,
      "gross_profit": 21.183526287280895,
      "gross_loss": 10.39564117870938,
      "total_commission": 7.206479202835176,
      "commission_rate": 0.06,
      "slippage_rate": 0.05
    },
    "trades_count": 6,
    "duration": "0:00:09.994191"
  }
}