{
  "total_trades": 164,
  "winning_trades": 65,
  "losing_trades": 98,
  "total_profit": 398.5271738575863,
  "total_loss": 430.1720388460807,
  "total_commission": 39.23999999999993,
  "total_slippage": 32.700000000000195,
  "largest_win": 29.55355164804809,
  "largest_loss": -14.970468404019774,
  "peak_balance": 10003.278976205287,
  "lowest_balance": 9887.771379330827,
  "max_drawdown": 1.1546973462323438,
  "consecutive_wins": 1,
  "consecutive_losses": 0,
  "max_consecutive_wins": 4,
  "max_consecutive_losses": 10,
  "win_rate": 39.63414634146341,
  "average_win": 6.131187290116713,
  "average_loss": 4.389510600470211,
  "profit_factor": 0.9264367226810454,
  "current_balance": 9732.275135011614,
  "current_equity": 9727.920767101294,
  "total_return": -2.7207923289870632,
  "current_drawdown": 2.752679493983779,
  "open_trades_count": 1,
  "total_closed_trades": 163
}